Página,Código,Nombre,Tono/Variante,Descripción,Promoción,Categoría,Marca,Imágenes
2,35418,PROMO: SET MAKEUP FEST,,"PROMOCIÓN: Por la compra de cada $40,000 de la página 4 a la 38 dentro de la categoria de maquillaje. No aplica a demostradores ni otras promociones. / Contiene: Sweet Black + Cyplay Creamy Lip Balm (Fuchsia creamy) 3 g + Magnetic Lash.",Sí (promo),Maquillaje,cyzone,https://catalogodigitalassets.somosbelcorp.com/CO/202604/C/productos/CO_SC0005818.jpg
4,06252,CYPLAY CREAMY LIP BALM.,CHERRY CREAMY,Hidratante en barra para labios 24h FPS12.,Sí (set),Maquillaje,cyzone,"https://catalogodigitalassets.somosbelcorp.com/CO/202604/C/productos/CO_200118725.jpg, https://catalogodigitalassets.somosbelcorp.com/CO/202604/C/productos/bulk/CO_200118725_B.jpg"
6,10623,CYPLAY HYDRA KISS.,COCONUT,Labial líquido hidratante.,Sí (set),Maquillaje,cyzone,"https://catalogodigitalassets.somosbelcorp.com/CO/202604/C/productos/CO_200121506.jpg, https://catalogodigitalassets.somosbelcorp.com/CO/202604/C/productos/bulk/CO_200121506_B.jpg"
8,20460,CYPLAY HYDRA BOMB.,GRAPE,Labial hidratante full color FPS 15.,Sí (set),Maquillaje,cyzone,"https://catalogodigitalassets.somosbelcorp.com/CO/202604/C/productos/CO_200112290.jpg, https://catalogodigitalassets.somosbelcorp.com/CO/202604/C/productos/bulk/CO_200112290_B.jpg"
8,09930,CYPLAY ICE CREAM GLOSS.,CHERRY ICE,Brillo labial con sensación refrescante.,Sí (set),Maquillaje,cyzone,"https://catalogodigitalassets.somosbelcorp.com/CO/202604/C/productos/CO_200121010.jpg, https://catalogodigitalassets.somosbelcorp.com/CO/202604/C/productos/bulk/CO_200121010_B.jpg"
9,04789,CYPLAY X-TRA CREAM MATTE.,CHOCOLATE MATTE,Labial en barra mate.,Sí (set),Maquillaje,cyzone,"https://catalogodigitalassets.somosbelcorp.com/CO/202604/C/productos/CO_200106560.jpg, https://catalogodigitalassets.somosbelcorp.com/CO/202604/C/productos/bulk/CO_200106560_B.jpg"
10,14940,CYPLAY MATTE FILTER ON.,CHEESECAKE ON,Polvos compactos de rostro.,Sí (set),Maquillaje,cyzone,"https://catalogodigitalassets.somosbelcorp.com/CO/202604/C/productos/CO_210098840.jpg, https://catalogodigitalassets.somosbelcorp.com/CO/202604/C/productos/bulk/CO_210098840_B.jpg"
10,15387,CYPLAY IT'S COVER.,CLARO,Corrector en barra de cobertura construible.,Sí (set),Maquillaje,cyzone,"https://catalogodigitalassets.somosbelcorp.com/CO/202604/C/productos/CO_200107142.jpg, https://catalogodigitalassets.somosbelcorp.com/CO/202604/C/productos/bulk/CO_200107142_B.jpg"
11,10161,CYPLAY SAY CHEEK!.,CHERRY POP,Rubor compacto para rostro con textura suave y acabado parejo.,Sí (set),Maquillaje,cyzone,"https://catalogodigitalassets.somosbelcorp.com/CO/202604/C/productos/CO_200121105.jpg, https://catalogodigitalassets.somosbelcorp.com/CO/202604/C/productos/bulk/CO_200121105_B.jpg"
12,05933,CYPLAY LINE 4 EVER PINCEL.,BLACK MAGIC,Delineador para ojos punta pincel.,Sí (set),Maquillaje,cyzone,"https://catalogodigitalassets.somosbelcorp.com/CO/202604/C/productos/CO_200106604.jpg, https://catalogodigitalassets.somosbelcorp.com/CO/202604/C/productos/bulk/CO_200106604_B.jpg"
12,05948,CYPLAY LINE 4 EVER PLUMÓN.,BLACK MAGIC,Delineador para ojos punta plumón.,Sí (set),Maquillaje,cyzone,"https://catalogodigitalassets.somosbelcorp.com/CO/202604/C/productos/CO_200106606.jpg, https://catalogodigitalassets.somosbelcorp.com/CO/202604/C/productos/bulk/CO_200106606_B.jpg"
14,05710,CYPLAY BROW PEN.,MEDIUM BROWN,Delineador retráctil para cejas.,Sí (set),Maquillaje,cyzone,"https://catalogodigitalassets.somosbelcorp.com/CO/202604/C/productos/CO_210098531.jpg, https://catalogodigitalassets.somosbelcorp.com/CO/202604/C/productos/bulk/CO_210098531_B.jpg"
14,17808,CYPLAY EYE LINES.,SILVER CHIC METAL,Delineador en lápiz para ojos.,Sí (set),Maquillaje,cyzone,"https://catalogodigitalassets.somosbelcorp.com/CO/202604/C/productos/CO_210100497.jpg, https://catalogodigitalassets.somosbelcorp.com/CO/202604/C/productos/bulk/CO_210100497_B.jpg"
15,01595,CYPLAY TWIST & ROLL.,CUTE PEACH MATTE,Delineador retráctil para ojos.,Sí (set),Maquillaje,cyzone,"https://catalogodigitalassets.somosbelcorp.com/CO/202604/C/productos/CO_210098470.jpg, https://catalogodigitalassets.somosbelcorp.com/CO/202604/C/productos/bulk/CO_210098470_B.jpg"
16,04745,CYPLAY SECRET LASH,,Máscara gel incolora para pestañas y cejas.,Sí,Maquillaje,cyzone,https://catalogodigitalassets.somosbelcorp.com/CO/202604/C/productos/CO_200106556.jpg
18,09035,STUDIO LOOK LABIAL LÍQUIDO SUPERSTARS.,SANGRIA,Labial líquido de color intenso.,Sí (set),Maquillaje,cyzone,"https://catalogodigitalassets.somosbelcorp.com/CO/202604/C/productos/CO_200120355.jpg, https://catalogodigitalassets.somosbelcorp.com/CO/202604/C/productos/bulk/CO_200120355_B.jpg"
20,00627,STUDIO LOOK LABIAL LÍQUIDO.,VALENTINE,Labial líquido de color intenso.,Sí (set),Maquillaje,cyzone,"https://catalogodigitalassets.somosbelcorp.com/CO/202604/C/productos/CO_200103922.jpg, https://catalogodigitalassets.somosbelcorp.com/CO/202604/C/productos/bulk/CO_200103922_B.jpg"
22,02908,STUDIO LOOK VOLUMEN UP GLOSS.,CHILI RED,Brillo labial hidratante con efecto volumen.,Sí (set),Maquillaje,cyzone,"https://catalogodigitalassets.somosbelcorp.com/CO/202604/C/productos/CO_200117579.jpg, https://catalogodigitalassets.somosbelcorp.com/CO/202604/C/productos/bulk/CO_200117579_B.jpg"
23,20175,STUDIO LOOK SUPERMATE LIPS.,BURN NUDE,Labial en barra súper mate de larga duración.,Sí (set),Maquillaje,cyzone,"https://catalogodigitalassets.somosbelcorp.com/CO/202604/C/productos/CO_200115403.jpg, https://catalogodigitalassets.somosbelcorp.com/CO/202604/C/productos/bulk/CO_200115403_B.jpg"
24,00625,STUDIO LOOK GLOWY STAIN.,CARAMEL LATTE,Brillo labial hidratante con tinta de larga duración.,Sí (set),,cyzone,"https://catalogodigitalassets.somosbelcorp.com/CO/202604/C/productos/CO_200116780.jpg, https://catalogodigitalassets.somosbelcorp.com/CO/202604/C/productos/bulk/CO_200116780_B.jpg"
26,08998,STUDIO LOOK MATE LIP LINER.,DEEP RED,Delineador retráctil para labios.,Sí (set),Maquillaje,cyzone,"https://catalogodigitalassets.somosbelcorp.com/CO/202604/C/productos/CO_210110173.jpg, https://catalogodigitalassets.somosbelcorp.com/CO/202604/C/productos/bulk/CO_210110173_B.jpg"
26,03396,STUDIO LOOK LIP BALM.,PINK ILLUSION,Bálsamo labial hidratante que se adapta al tono de tus labios.,Sí (set),Maquillaje,cyzone,"https://catalogodigitalassets.somosbelcorp.com/CO/202604/C/productos/CO_200117683.jpg, https://catalogodigitalassets.somosbelcorp.com/CO/202604/C/productos/bulk/CO_200117683_B.jpg"
27,01333,STUDIO LOOK MATE VELVET LIPS.,PETAL ROSE,Labial mate aterciopelado.,Sí (set),Maquillaje,cyzone,"https://catalogodigitalassets.somosbelcorp.com/CO/202604/C/productos/CO_200117113.jpg, https://catalogodigitalassets.somosbelcorp.com/CO/202604/C/productos/bulk/CO_200117113_B.jpg"
28,06156,STUDIO LOOK INTENSE EYELINER. BLACK,,Delineador plumón para ojos de larga duración.,Sí (set),Maquillaje,cyzone,https://catalogodigitalassets.somosbelcorp.com/CO/202604/C/productos/CO_210107841.jpg
29,10681,STUDIO LOOK INTENSE EYELINER.,MOCHA BROWN,Delineador plumón color para ojos de larga duración.,Sí (set),Maquillaje,cyzone,"https://catalogodigitalassets.somosbelcorp.com/CO/202604/C/productos/CO_210112019.jpg, https://catalogodigitalassets.somosbelcorp.com/CO/202604/C/productos/bulk/CO_210112019_B.jpg"
30,01149,STUDIO LOOK FORTI EXTENSE LASH,,Máscara fortalecedora de pestañas efecto largo natural.,Sí,Maquillaje,cyzone,https://catalogodigitalassets.somosbelcorp.com/CO/202604/C/productos/CO_200117061.jpg
31,06651,STUDIO LOOK MAGNETIC LASH.,BLACK,Máscara multibeneficios de larga duración a prueba de agua.,Sí (set),Maquillaje,cyzone,"https://catalogodigitalassets.somosbelcorp.com/CO/202604/C/productos/CO_200118939.jpg, https://catalogodigitalassets.somosbelcorp.com/CO/202604/C/productos/bulk/CO_200118939_B.jpg"
32,17948,STUDIO LOOK MAX VOLUMEN LASH,,Máscara de pestañas efecto volumen a prueba de agua.,Sí,Maquillaje,cyzone,https://catalogodigitalassets.somosbelcorp.com/CO/202604/C/productos/CO_200109566.jpg
32,06753,STUDIO LOOK GEL EYELINER.,BROWN SUGAR MATE,Delineador de ojos en lápiz efecto gel.,Sí (set),Maquillaje,cyzone,"https://catalogodigitalassets.somosbelcorp.com/CO/202604/C/productos/CO_210108416.jpg, https://catalogodigitalassets.somosbelcorp.com/CO/202604/C/productos/bulk/CO_210108416_B.jpg"
34,15403,STUDIO LOOK PRECISIÓN BROW DÚO.,SOFT BROWN,Delineador retráctil para cejas con punta ultrafina.,Sí (set),Maquillaje,cyzone,"https://catalogodigitalassets.somosbelcorp.com/CO/202604/C/productos/CO_210104356.jpg, https://catalogodigitalassets.somosbelcorp.com/CO/202604/C/productos/bulk/CO_210104356_B.jpg"
34,04684,STUDIO LOOK OH MY BROW.,MEDIUM BROWN,Máscara de cejas en gel efecto volumen.,Sí (set),Maquillaje,cyzone,"https://catalogodigitalassets.somosbelcorp.com/CO/202604/C/productos/CO_200118067.jpg, https://catalogodigitalassets.somosbelcorp.com/CO/202604/C/productos/bulk/CO_200118067_B.jpg"
35,09375,STUDIO LOOK STUDIO PALETTE.,VIOLET SUNSET,Paleta de sombras x10 de larga duración.,Sí (set),Maquillaje,cyzone,"https://catalogodigitalassets.somosbelcorp.com/CO/202604/C/productos/CO_210110848.jpg, https://catalogodigitalassets.somosbelcorp.com/CO/202604/C/productos/bulk/CO_210110848_B.jpg"
36,15080,STUDIO LOOK CORRECTOR.,CLARO,Corrector facial de alta cobertura.,Sí (set),Maquillaje,cyzone,"https://catalogodigitalassets.somosbelcorp.com/CO/202604/C/productos/CO_200114103.jpg, https://catalogodigitalassets.somosbelcorp.com/CO/202604/C/productos/bulk/CO_200114103_B.jpg"
36,06522,STUDIO LOOK BASE MATTE FINISH. CLARO,110C,Base de alta cobertura y larga duración FPS 20.,Sí (set),Maquillaje,cyzone,"https://catalogodigitalassets.somosbelcorp.com/CO/202604/C/productos/CO_200118852.jpg, https://catalogodigitalassets.somosbelcorp.com/CO/202604/C/productos/bulk/CO_200118852_B.jpg"
37,15079,STUDIO LOOK SPRAY FIJADOR,,Spray fijador de larga duración con efecto mate.,Sí,Maquillaje,cyzone,https://catalogodigitalassets.somosbelcorp.com/CO/202604/C/productos/CO_200114097.jpg
37,15308,STUDIO LOOK POLVOS.,CREMA,Polvos compactos de alta cobertura con FPS 20.,Sí (set),Maquillaje,cyzone,"https://catalogodigitalassets.somosbelcorp.com/CO/202604/C/productos/CO_210104347.jpg, https://catalogodigitalassets.somosbelcorp.com/CO/202604/C/productos/bulk/CO_210104347_B.jpg"
38,20033,STUDIO LOOK PRIMER FACIAL,,Primer facial con Vitamina C y ácido hialurónico.,Sí,Maquillaje,cyzone,https://catalogodigitalassets.somosbelcorp.com/CO/202604/C/productos/CO_200115274.jpg
38,06888,STUDIO LOOK MULTISTICK.,GOLD HIGHLIGHTER,Barra de color cremosa para rostro.,Sí (set),Maquillaje,cyzone,"https://catalogodigitalassets.somosbelcorp.com/CO/202604/C/productos/CO_210108446.jpg, https://catalogodigitalassets.somosbelcorp.com/CO/202604/C/productos/bulk/CO_210108446_B.jpg"
38,16394,STUDIO LOOK RUBOR MOUSSE BLUSH.,TAN BLUSH,Rubor en mousse de larga duración.,Sí (set),Maquillaje,cyzone,"https://catalogodigitalassets.somosbelcorp.com/CO/202604/C/productos/CO_200114249.jpg, https://catalogodigitalassets.somosbelcorp.com/CO/202604/C/productos/bulk/CO_200114249_B.jpg"
38,06897,STUDIO LOOK MULTISTICK.,SUNSET BLUSH,Barra de color cremosa para rostro.,Sí (set),Maquillaje,cyzone,"https://catalogodigitalassets.somosbelcorp.com/CO/202604/C/productos/CO_210108449.jpg, https://catalogodigitalassets.somosbelcorp.com/CO/202604/C/productos/bulk/CO_210108449_B.jpg"
38,06894,STUDIO LOOK MULTISTICK.,SOFT BRONZER,Barra de color cremosa para rostro.,Sí (set),Maquillaje,cyzone,"https://catalogodigitalassets.somosbelcorp.com/CO/202604/C/productos/CO_210108447.jpg, https://catalogodigitalassets.somosbelcorp.com/CO/202604/C/productos/bulk/CO_210108447_B.jpg"
39,35402,PROMO: MINI MORRAL WALY,,"PROMOCIÓN: Por la compra de cualquier producto de Maquillaje Cyzone. No incluye otras promociones, muestras ni moda sale. Promoción válida hasta agotar existencias. / En tela poliéster. Color: negro. Medidas aprox.: 20 x 16 x 10 cm / 7.8 x 6.2 x 3.9"".",Sí (promo),Moda y accesorios,cyzone,https://catalogodigitalassets.somosbelcorp.com/CO/202604/C/productos/CO_210108222.jpg
39,35371,MINI MORRAL WALY,,"En tela poliéster. Color: negro. Medidas aprox.: 20 x 16 x 10 cm / 7.8 x 6.2 x 3.9"".",No,Moda y accesorios,cyzone,https://catalogodigitalassets.somosbelcorp.com/CO/202604/C/productos/CO_210108222.jpg
39,35403,PROMO: MINI MORRAL WILLY,,"PROMOCIÓN: Por la compra de cualquier producto de Maquillaje Cyzone. No incluye otras promociones, muestras ni moda sale. Promoción válida hasta agotar existencias. / En tela poliéster. Color: gris. Medidas aprox.: 20 x 16 x 10 cm / 7.8 x 6.2 x 3.9"".",Sí (promo),Moda y accesorios,cyzone,https://catalogodigitalassets.somosbelcorp.com/CO/202604/C/productos/CO_210108969.jpg
39,35378,MINI MORRAL WILLY,,"En tela poliéster. Color: gris. Medidas aprox.: 20 x 16 x 10 cm / 7.8 x 6.2 x 3.9"".",No,Moda y accesorios,cyzone,https://catalogodigitalassets.somosbelcorp.com/CO/202604/C/productos/CO_210108969.jpg
41,09503,MYSTIC STAR CREMA PERFUMADA,,Crema perfumada corporal.,Sí,Cuidado Personal,cyzone,https://catalogodigitalassets.somosbelcorp.com/CO/202604/C/productos/CO_200120705.jpg
41,35346,MYSTIC STAR,,Eau de parfum. / Gratis: Mystic Star Crema Perfumada 130 ml.,Sí (set),Perfumes,cyzone,https://catalogodigitalassets.somosbelcorp.com/CO/202604/C/productos/CO_SC0005816.jpg
42,08650,CRYSTAL STAR,,Eau de parfum.,Sí,Perfumes,cyzone,https://catalogodigitalassets.somosbelcorp.com/CO/202604/C/productos/CO_200120159.jpg
42,35365,SET CRYSTAL,,Contiene: Perfume + Labial (Blossom nude).,Sí (set),Maquillaje,cyzone,https://catalogodigitalassets.somosbelcorp.com/CO/202604/C/productos/CO_SC0005811.jpg
43,01433,Y25,,Eau de parfum.,Sí,Perfumes,cyzone,https://catalogodigitalassets.somosbelcorp.com/CO/202604/C/productos/CO_200117127.jpg
43,35353,SET CRYSTAL + Y25,,Contiene: Crystal Star + Y25.,Sí (set),Perfumes,cyzone,https://catalogodigitalassets.somosbelcorp.com/CO/202604/C/productos/CO_SC0005821.jpg
44,07837,PINK CRUSH PROBADOR CON SPRAY,,Eau de parfum.,No,Perfumes,cyzone,https://catalogodigitalassets.somosbelcorp.com/CO/202604/C/productos/CO_200119604.jpg
45,03056,SWEET BLACK INTENSE,,Eau de parfum.,Sí,Perfumes,cyzone,https://catalogodigitalassets.somosbelcorp.com/CO/202604/C/productos/CO_200097947.jpg
46,14647,SWEET BLACK,,Eau de parfum.,Sí,Perfumes,cyzone,https://catalogodigitalassets.somosbelcorp.com/CO/202604/C/productos/CO_200089168.jpg
46,07632,SWEET BLACK LOCIÓN,,Loción hidratante para el cuerpo.,Sí,Cuidado Personal,cyzone,https://catalogodigitalassets.somosbelcorp.com/CO/202604/C/productos/CO_200119385.jpg
46,35336,SET SWEET BLACK,,Contiene: Perfume + Loción.,Sí (set),Cuidado Personal,cyzone,https://catalogodigitalassets.somosbelcorp.com/CO/202604/C/productos/CO_SC0004206.jpg
46,35354,SET SEDUCTION,,Contiene: Perfume + Labial (Burn nude) 2 g.,Sí (set),Maquillaje,cyzone,https://catalogodigitalassets.somosbelcorp.com/CO/202604/C/productos/CO_SC0005822.jpg
47,00116,Y25 CREMA CORPORAL,,Crema perfumada corporal con brillo.,Sí,Cuidado Personal,cyzone,https://catalogodigitalassets.somosbelcorp.com/CO/202604/C/productos/CO_200116554.jpg
47,35352,SET Y25,,Contiene: Perfume + Crema Corporal.,Sí (set),Cuidado Personal,cyzone,https://catalogodigitalassets.somosbelcorp.com/CO/202604/C/productos/CO_SC0005309.jpg
48,21140,IN LOVE,,Eau de parfum.,Sí (set),Perfumes,cyzone,https://catalogodigitalassets.somosbelcorp.com/CO/202604/C/productos/CO_200115983.jpg
48,09119,IN LOVE PASSION,,Eau de parfum.,Sí (set),Perfumes,cyzone,https://catalogodigitalassets.somosbelcorp.com/CO/202604/C/productos/CO_200113639.jpg
50,06641,DANCING SOUL CREMA PERFUMADA,,Crema perfumada corporal.,Sí,Perfumes,cyzone,https://catalogodigitalassets.somosbelcorp.com/CO/202604/C/productos/CO_200118925.jpg
50,21065,DANCING SOUL,,Eau de parfum.,Sí,Perfumes,cyzone,https://catalogodigitalassets.somosbelcorp.com/CO/202604/C/productos/CO_200115826.jpg
50,35338,SET NIGHT 1,,Contiene: Perfume + Roll-On.,Sí (set),Cuidado Personal,cyzone,https://catalogodigitalassets.somosbelcorp.com/CO/202604/C/productos/CO_SC0005823.jpg
50,35349,SET SOUL,,Contiene: Perfume Dancing Soul + Crema Perfumada Dancing Soul.,Sí (set),Cuidado Personal,cyzone,https://catalogodigitalassets.somosbelcorp.com/CO/202604/C/productos/CO_SC0004938.jpg
51,02924,DANCING NIGHT,,Eau de parfum.,Sí,Perfumes,cyzone,https://catalogodigitalassets.somosbelcorp.com/CO/202604/C/productos/CO_200105011.jpg
51,07679,DANCING NIGHT LOCIÓN,,Crema perfumada corporal.,Sí,Cuidado Personal,cyzone,https://catalogodigitalassets.somosbelcorp.com/CO/202604/C/productos/CO_200119391.jpg
51,35339,SET NIGHT 2,,Contiene: Perfume + Roll-On + Crema Corporal.,Sí (set),Cuidado Personal,cyzone,https://catalogodigitalassets.somosbelcorp.com/CO/202604/C/productos/CO_SC0005824.jpg
52,21050,BLUE & BLUE MEMORIES. FOR HIM,,Eau de toilette.,Sí (set),Perfumes,cyzone,https://catalogodigitalassets.somosbelcorp.com/CO/202604/C/productos/CO_200115814.jpg
52,07509,BLUE & BLUE FOR HIM,,Eau de toilette.,Sí (set),Perfumes,cyzone,https://catalogodigitalassets.somosbelcorp.com/CO/202604/C/productos/CO_200119222.jpg
52,07507,BLUE & BLUE FOR HER,,Eau de parfum.,Sí (set),Perfumes,cyzone,https://catalogodigitalassets.somosbelcorp.com/CO/202604/C/productos/CO_200119221.jpg
52,21046,BLUE & BLUE MEMORIES. FOR HER,,Eau de parfum.,Sí (set),Perfumes,cyzone,https://catalogodigitalassets.somosbelcorp.com/CO/202604/C/productos/CO_200115811.jpg
53,18430,IDENTITY,,Eau de parfum. / Incluye: Studio Look Glowy Stain (Caramel latte) 3.6 ml.,Sí,Perfumes,cyzone,https://catalogodigitalassets.somosbelcorp.com/CO/202604/C/productos/CO_200109872.jpg
54,05404,TASTE CANDY,,Colonia refrescante.,Sí,Perfumes,cyzone,https://catalogodigitalassets.somosbelcorp.com/CO/202604/C/productos/CO_200118462.jpg
56,04056,TASTE COOL,,Colonia refrescante.,Sí (set),Perfumes,cyzone,https://catalogodigitalassets.somosbelcorp.com/CO/202604/C/productos/CO_200094936.jpg
56,09226,TASTE VELVET,,Colonia refrescante.,Sí (set),Perfumes,cyzone,https://catalogodigitalassets.somosbelcorp.com/CO/202604/C/productos/CO_200120475.jpg
56,00746,TASTE POP,,Colonia refrescante.,Sí (set),Perfumes,cyzone,https://catalogodigitalassets.somosbelcorp.com/CO/202604/C/productos/CO_200099686.jpg
56,04063,TASTE WARM,,Colonia refrescante.,Sí (set),Perfumes,cyzone,https://catalogodigitalassets.somosbelcorp.com/CO/202604/C/productos/CO_200094941.jpg
57,06462,MY MOMENT. BRIGHT FANTASY,,Colonias refrescantes.,Sí (set),Perfumes,cyzone,https://catalogodigitalassets.somosbelcorp.com/CO/202604/C/productos/CO_200118793.jpg
57,06465,MY MOMENT. PARADISE DREAMS,,Colonias refrescantes.,Sí (set),Perfumes,cyzone,https://catalogodigitalassets.somosbelcorp.com/CO/202604/C/productos/CO_200118794.jpg
58,00251,FRUITY POP. PERA IN LOVE,,Colonia refrescante.,Sí (set),Perfumes,cyzone,https://catalogodigitalassets.somosbelcorp.com/CO/202604/C/productos/CO_200116588.jpg
58,00252,FRUITY POP. UVA KISS,,Colonia refrescante.,Sí (set),Perfumes,cyzone,https://catalogodigitalassets.somosbelcorp.com/CO/202604/C/productos/CO_200116589.jpg
58,00248,FRUITY POP. SANDÍA SHAKE,,Colonia refrescante.,Sí (set),Perfumes,cyzone,https://catalogodigitalassets.somosbelcorp.com/CO/202604/C/productos/CO_200116587.jpg
59,00262,FRUITY POP. BERRY COCKTAIL,,Colonia refrescante.,Sí (set),Perfumes,cyzone,https://catalogodigitalassets.somosbelcorp.com/CO/202604/C/productos/CO_200116591.jpg
59,00261,FRUITY POP. MARACUYÁ PASSION,,Colonia refrescante.,Sí (set),Perfumes,cyzone,https://catalogodigitalassets.somosbelcorp.com/CO/202604/C/productos/CO_200116590.jpg
59,00263,FRUITY POP. MORA POTION,,Colonia refrescante.,Sí (set),Perfumes,cyzone,https://catalogodigitalassets.somosbelcorp.com/CO/202604/C/productos/CO_200116593.jpg
60,08889,MISS SEXY RADIANT LOCIÓN,,Loción hidratante perfumada.,Sí (set),Cuidado Personal,cyzone,https://catalogodigitalassets.somosbelcorp.com/CO/202604/C/productos/CO_200120241.jpg
60,21039,MISS SEXY RADIANT,,Colonia refrescante.,Sí (set),Perfumes,cyzone,https://catalogodigitalassets.somosbelcorp.com/CO/202604/C/productos/CO_200115806.jpg
61,07642,MISS SEXY LOCIÓN,,Loción hidratante perfumada.,Sí (set),Cuidado Personal,cyzone,https://catalogodigitalassets.somosbelcorp.com/CO/202604/C/productos/CO_200119388.jpg
61,20447,MISS SEXY,,Colonia refrescante con brillo.,Sí (set),Perfumes,cyzone,https://catalogodigitalassets.somosbelcorp.com/CO/202604/C/productos/CO_200115496.jpg
63,09976,SKIN FIRST MINI PROTECTOR SOLAR FACIAL MATE FPS 50,,Loción con textura ultra ligera para uso diario.,Sí,Cuidado Personal,cyzone,https://catalogodigitalassets.somosbelcorp.com/CO/202604/C/productos/CO_200121038.jpg
63,09563,SKIN FIRST PROTECTOR SOLAR FACIAL MATE FPS 50 -,CLARO,Loción con textura ultra ligera para uso diario.,Sí (set),Cuidado Personal,cyzone,"https://catalogodigitalassets.somosbelcorp.com/CO/202604/C/productos/CO_200120769.jpg, https://catalogodigitalassets.somosbelcorp.com/CO/202604/C/productos/bulk/CO_200120769_B.jpg"
64,01086,SKIN FIRST SÉRUM FACIAL ANTI-IMPERFECCIONES,,Corrige las imperfercciones causadas por granitos.,Sí (1x 2x),Cuidado Personal,cyzone,https://catalogodigitalassets.somosbelcorp.com/CO/202604/C/productos/CO_200116963.jpg
64,20436,SKIN FIRST SÉRUM FACIAL CORRECTOR,,Unifica tu tono de piel.,Sí (1x 2x),Cuidado Personal,cyzone,https://catalogodigitalassets.somosbelcorp.com/CO/202604/C/productos/CO_200115482.jpg
64,20438,SKIN FIRST EYE DETOX EFFECT,,Crema gel contorno de ojos en roll-on que corrige las ojeras al primer uso.,Sí,Cuidado Personal,cyzone,https://catalogodigitalassets.somosbelcorp.com/CO/202604/C/productos/CO_200115484.jpg
65,19850,SKIN FIRST HELLO AGE PREVENT. HIDRATANTE FACIAL EN GEL,,Hidratante Facial en Gel,Sí,Cuidado Personal,cyzone,https://catalogodigitalassets.somosbelcorp.com/CO/202604/C/productos/CO_200111416.jpg
65,07528,SKIN FIRST SÉRUM FACIAL HIDRATANTE,,Restaura de inmediato la humectación.,Sí,Cuidado Personal,cyzone,https://catalogodigitalassets.somosbelcorp.com/CO/202604/C/productos/CO_200119234.jpg
65,19400,SKIN FIRST HELLO AGE PREVENT. LIMPIADORA FACIAL EN GEL,,Limpiadora facial en gel.,Sí,Cuidado Personal,cyzone,https://catalogodigitalassets.somosbelcorp.com/CO/202604/C/productos/CO_200114784.jpg
65,35357,SET AGE PREVENT,,Contiene: Limpiadora + Sérum + Crema hidratante.,Sí (set),Cuidado Personal,cyzone,https://catalogodigitalassets.somosbelcorp.com/CO/202604/C/productos/CO_SC0005813.jpg
66,14768,SKIN FIRST FOCALIZADO BYE BYE GRANITOS,,Tratamiento focalizado.,Sí,Cuidado Personal,cyzone,https://catalogodigitalassets.somosbelcorp.com/CO/202604/C/productos/CO_200113951.jpg
66,18447,SKIN FIRST LIMPIADORA BYE BYE GRANITOS,,Limpiadora Facial en Gel.,Sí,Cuidado Personal,cyzone,https://catalogodigitalassets.somosbelcorp.com/CO/202604/C/productos/CO_200114550.jpg
67,06197,SKIN FIRST HIDRATANTE FACIAL EN GEL,,Efecto matificante para todo tipo de cutis.,Sí,Cuidado Personal,cyzone,https://catalogodigitalassets.somosbelcorp.com/CO/202604/C/productos/CO_200118691.jpg
68,08887,MY MOMENT. SANDÍA SAND,,Exfoliante corporal con cristales de sal aroma a sandia.,Sí,Cuidado Personal,cyzone,https://catalogodigitalassets.somosbelcorp.com/CO/202604/C/productos/CO_200120240.jpg
68,05940,MY MOMENT. GLOW TO BLOOM,,Exfoliante corporal con cristales de sal aroma a flor de lila.,Sí,Cuidado Personal,cyzone,https://catalogodigitalassets.somosbelcorp.com/CO/202604/C/productos/CO_200118603.jpg
68,05944,MY MOMENT. PISTACHO PARTY,,Crema corporal hidratante.,Sí,Cuidado Personal,cyzone,https://catalogodigitalassets.somosbelcorp.com/CO/202604/C/productos/CO_200118604.jpg
68,18393,MY MOMENT. SWEET SHIMMER,,Crema corporal hidratante con brillo.,Sí,Cuidado Personal,cyzone,https://catalogodigitalassets.somosbelcorp.com/CO/202604/C/productos/CO_200114529.jpg
70,07735,MY MOMENT. ÓLEO SHOT,,Tratamiento capilar con aceite de almendras.,Sí,Cuidado Personal,cyzone,https://catalogodigitalassets.somosbelcorp.com/CO/202604/C/productos/CO_200119494.jpg
70,20015,MY MOMENT. TERMO PROTECT,,Protector térmico para el cabello.,Sí,Cuidado Personal,cyzone,https://catalogodigitalassets.somosbelcorp.com/CO/202604/C/productos/CO_200115254.jpg
70,19838,MY MOMENT. LISO POWER,,Crema para peinar con aceite de almendras.,Sí (set),Cuidado Personal,cyzone,https://catalogodigitalassets.somosbelcorp.com/CO/202604/C/productos/CO_200111393.jpg
70,19837,MY MOMENT. RIZOS COOL,,Crema para peinar con aceite de almendras.,Sí (set),Cuidado Personal,cyzone,https://catalogodigitalassets.somosbelcorp.com/CO/202604/C/productos/CO_200111391.jpg
71,19109,TRAX. MAKE OUT,,Colonia desodorante para hombres.,Sí (set),Cuidado Personal,cyzone,https://catalogodigitalassets.somosbelcorp.com/CO/202604/C/productos/CO_210100407.jpg
71,07754,TRAX. DESODORANTE ROLL ON,,Desodorante antitranspirante roll-on.,Sí (set),Cuidado Personal,cyzone,https://catalogodigitalassets.somosbelcorp.com/CO/202604/C/productos/CO_200119532.jpg
71,07776,DANCING NIGHT. DESODORANTE ROLL ON,,Desodorante antitranspirante roll-on.,Sí (set),Cuidado Personal,cyzone,https://catalogodigitalassets.somosbelcorp.com/CO/202604/C/productos/CO_200119548.jpg
71,03497,XPRESS YOUR BODY CLARITY. DESODORANTE ROLL ON,,Desodorante antitranspirante aclarador de piel.,Sí (set),Cuidado Personal,cyzone,https://catalogodigitalassets.somosbelcorp.com/CO/202604/C/productos/CO_200105180.jpg
71,09252,TRAX. MYSTERIOUS,,Colonia desodorante para hombres.,Sí (set),Cuidado Personal,cyzone,https://catalogodigitalassets.somosbelcorp.com/CO/202604/C/productos/CO_210095249.jpg
71,07767,NITRO. DESODORANTE ROLL ON,,Desodorante antitranspirante roll-on.,Sí (set),Cuidado Personal,cyzone,https://catalogodigitalassets.somosbelcorp.com/CO/202604/C/productos/CO_200119545.jpg
71,19110,TRAX. SO CLOSE!,,Colonia desodorante para hombres.,Sí (set),Cuidado Personal,cyzone,https://catalogodigitalassets.somosbelcorp.com/CO/202604/C/productos/CO_210100408.jpg
71,07777,SWEET BLACK. DESODORANTE ROLL ON,,Desodorante antitranspirante roll-on.,Sí (set),Cuidado Personal,cyzone,https://catalogodigitalassets.somosbelcorp.com/CO/202604/C/productos/CO_200119549.jpg
71,08018,ALL BLACK. DESODORANTE ROLL ON,,Desodorante antitranspirante roll-on.,Sí (set),Cuidado Personal,cyzone,https://catalogodigitalassets.somosbelcorp.com/CO/202604/C/productos/CO_200119718.jpg
71,07768,NITRO AIR. DESODORANTE ROLL ON,,Desodorante antitranspirante roll-on.,Sí (set),Cuidado Personal,cyzone,https://catalogodigitalassets.somosbelcorp.com/CO/202604/C/productos/CO_200119546.jpg
72,35380,BOLSO NASIRA,,"En material tipo cuero. Color: negro. Medidas aprox.: 25.6 x 14.4 x 5 cm / 10.1 x 5.7 x 1.9"".",Sí,Moda y accesorios,cyzone,https://catalogodigitalassets.somosbelcorp.com/CO/202604/C/productos/CO_210109296.jpg
72,35389,MOCHILA MIRELLE,,"En material tipo cuero. Color: marrón. Medidas aprox.: 22 x 25.2 x 10 cm / 8.6 x 9.9 x 3.9"".",Sí,Moda y accesorios,cyzone,https://catalogodigitalassets.somosbelcorp.com/CO/202604/C/productos/CO_210110244.jpg
72,35337,SET MIRELLE,,Contiene: Mochila Mirelle + Labial Líquido Mate (Rose nude) 6 ml.,Sí (set),Maquillaje,cyzone,https://catalogodigitalassets.somosbelcorp.com/CO/202604/C/productos/CO_SC0005819.jpg
73,35394,BOLSO ELLIS,,"En material tipo cuero. Color: blanco. Medidas aprox.: 48 x 28.3 x 12.3 cm / 18.8 x 11.1 x 4.8"".",Sí,Moda y accesorios,cyzone,https://catalogodigitalassets.somosbelcorp.com/CO/202604/C/productos/CO_210111000.jpg
73,35384,BOLSO MARGARET,,"En material tipo cuero. Color: marrón. Medidas aprox.: 48 x 28.3 x 12.3 cm / 18.8 x 11.1 x 4.8"".",Sí,Moda y accesorios,cyzone,https://catalogodigitalassets.somosbelcorp.com/CO/202604/C/productos/CO_210110207.jpg
74,35370,SET DE PULSERAS GLAMOUR LINKS X3,,En dorado con cristales de vidrio y perla acrílica. Medidas aprox.: regulable de 17 a 21 cm.,Sí,Moda y accesorios,cyzone,https://catalogodigitalassets.somosbelcorp.com/CO/202604/C/productos/CO_210106470.jpg
74,35391,ESTUCHE DE ARETES LOVELY BEADS X6,,En dorado y plateado. Medidas aprox.: 0.8 a 2 cm.,Sí,Moda y accesorios,cyzone,https://catalogodigitalassets.somosbelcorp.com/CO/202604/C/productos/CO_210110258.jpg
75,35383,BOLSO SUSIE,,"En material tipo cuero. Color: beige. Medidas aprox.: 24.4 x 17.2 x 10.7 cm / 9.6 x 6.7 x 4.2"".",Sí,Moda y accesorios,cyzone,https://catalogodigitalassets.somosbelcorp.com/CO/202604/C/productos/CO_210110196.jpg
75,35382,BOLSO HALEY,,"En material tipo cuero. Color: rojo. Medidas aprox.: 24.4 x 17.2 x 10.7 cm / 9.6 x 6.7 x 4.2"".",Sí,Moda y accesorios,cyzone,https://catalogodigitalassets.somosbelcorp.com/CO/202604/C/productos/CO_210110195.jpg
76,35381,MORRAL LORIE,,"En material tipo cuero. Medidas aprox.: 25 x 17.5 x 7.5 cm / 9.8 x 6.8 x 2.9"".",Sí,Moda y accesorios,cyzone,https://catalogodigitalassets.somosbelcorp.com/CO/202604/C/productos/CO_210109348.jpg
76,35374,MALETÍN SPACE UP,,"En tela poliéster. Color: azul. Medidas aprox.: 38.5 x 25 x 22 cm / 15.1 x 9.8 x 8.6"".",Sí,Moda y accesorios,cyzone,https://catalogodigitalassets.somosbelcorp.com/CO/202604/C/productos/CO_210108269.jpg
76,35377,MALETÍN ELEVATE,,"En tela poliéster. Color: rosado. Medidas aprox.: 38.5 x 25 x 22 cm / 15.1 x 9.8 x 8.6"".",Sí,Moda y accesorios,cyzone,https://catalogodigitalassets.somosbelcorp.com/CO/202604/C/productos/CO_210108958.jpg
77,35372,MONEDERO JELY,,"En material tipo cuero. Color: morado. Medidas aprox.: 11 x 8.5 x 2.5 cm / 4.3 x 3.3 x 0.9"".",Sí,Moda y accesorios,cyzone,https://catalogodigitalassets.somosbelcorp.com/CO/202604/C/productos/CO_210108255.jpg
77,35400,MONEDERO VICKY,,"En material tipo cuero. Color: verde. Medidas aprox.: 11 x 8.5 x 2.5 cm / 4.3 x 3.3 x 0.9"".",Sí,Moda y accesorios,cyzone,https://catalogodigitalassets.somosbelcorp.com/CO/202604/C/productos/CO_210112274.jpg
78,35393,NECESER CHARM CASE,,"En tela poliéster. Medidas aprox.: Neceser grande: 20.5 x 12.5 x 8 cm / 8 x 4.9 x 3.1"".",Sí,Moda y accesorios,cyzone,https://catalogodigitalassets.somosbelcorp.com/CO/202604/C/productos/CO_210110869.jpg
78,35397,SET FACIAL SKIN VIBES,,"Medidas aprox.: estuche: 21.5 x 22.4 cm / 8.4 x 8.8"".",Sí,Moda y accesorios,cyzone,https://catalogodigitalassets.somosbelcorp.com/CO/202604/C/productos/CO_210111009.jpg
79,35399,SET FACIAL SKIN GLOW,,"Medidas aprox.: estuche: 13.5 x 9.5 cm / 5.3"" x 3.7"".",Sí,Moda y accesorios,cyzone,https://catalogodigitalassets.somosbelcorp.com/CO/202604/C/productos/CO_210111015.jpg
79,35398,BROCHAS STUDIO PRO,,"Mango de plástico y aluminio con cerdas de pelo sintético. Medidas aprox.: estuche 19 x 10 cm / 7.5 x 3.9"".",Sí,Moda y accesorios,cyzone,https://catalogodigitalassets.somosbelcorp.com/CO/202604/C/productos/CO_210111013.jpg
80,35392,ESTUCHE DE ARETES GLITTER GOLD X10,,En dorado y plateado con cristales en vidrio. Medidas aprox.: 0.5 a 0.7 cm.,Sí,Moda y accesorios,cyzone,https://catalogodigitalassets.somosbelcorp.com/CO/202604/C/productos/CO_210110259.jpg
80,35376,BOLSO MARIAN,,"En material tipo cuero. Color: Marrón. Medidas aprox.: 26.5 x 19.5 x 11 cm / 10.4 x 7.6 x 4.3"".",Sí,Moda y accesorios,cyzone,https://catalogodigitalassets.somosbelcorp.com/CO/202604/C/productos/CO_210108956.jpg
81,35379,SET HAIR GLOW,,Cuerpo plástico y placas en aluminio. Accesorios plásticos. Medidas aprox.: 28.7 x 5.1 x 3.4 cm.,Sí,Moda y accesorios,cyzone,https://catalogodigitalassets.somosbelcorp.com/CO/202604/C/productos/CO_210109249.jpg
82,35375,BILLETERA JOE,,"En material tipo cuero. Color: azul con marrón. Medidas aprox.: 8.5 x 12 x 1.7 cm / 3.3 x 4.7 x 0.6"".",Sí,Moda y accesorios,cyzone,https://catalogodigitalassets.somosbelcorp.com/CO/202604/C/productos/CO_210108272.jpg
82,35385,CANGURO ESTEBAN,,"En material tipo cuero. Color: negro. Medidas aprox.: 33 x 15 x 5 cm / 12.9 x 5.9 x 1.9"".",Sí,Moda y accesorios,cyzone,https://catalogodigitalassets.somosbelcorp.com/CO/202604/C/productos/CO_210110222.jpg
82,35369,SET ESTEBAN,,Contiene: Canguro Esteban + Trax Make Out.,Sí (set),Cuidado Personal,cyzone,https://catalogodigitalassets.somosbelcorp.com/CO/202604/C/productos/CO_SC0005825.jpg
83,35387,MOCHILA ADRIANO,,"En tela poliéster. Medidas aprox.: 33.5 x 47.5 x 14 cm / 13.1 x 18.7 x 5.5"".",Sí,Moda y accesorios,cyzone,https://catalogodigitalassets.somosbelcorp.com/CO/202604/C/productos/CO_210110229.jpg
84,35388,LONCHERA SPICY,,"En tela poliéster. Color: negro. Medidas aprox.: 12.5 x 18 x 17 cm / 4.9 x 7 x 6.6"".",Sí,Moda y accesorios,cyzone,https://catalogodigitalassets.somosbelcorp.com/CO/202604/C/productos/CO_210110239.jpg
84,35395,MOCHILA LUANNA,,"En tela poliéster. Medidas aprox.: 31.5 x 44.5 x 14.5 cm / 12.4 x 17.5 x 5.7"".",Sí,Moda y accesorios,cyzone,https://catalogodigitalassets.somosbelcorp.com/CO/202604/C/productos/CO_210111002.jpg
85,35396,MOCHILA ANORA,,"En tela poliéster. Medidas aprox.: 31.5 x 44.5 x 14.5 cm / 12.4 x 17.5 x 5.7"".",Sí,Moda y accesorios,cyzone,https://catalogodigitalassets.somosbelcorp.com/CO/202604/C/productos/CO_210111003.jpg
87,35368,ALL BLACK,,Eau de toilette.  / Gratis: All Black Desodorante Roll-On.,Sí (set),Perfumes,cyzone,https://catalogodigitalassets.somosbelcorp.com/CO/202604/C/productos/CO_SC0005789.jpg
89,01456,FIST VICTORY,,Eau de toilette.,Sí,Perfumes,cyzone,https://catalogodigitalassets.somosbelcorp.com/CO/202604/C/productos/CO_200117135.jpg
90,01439,NEW COOL INTENSE,,Eau de toilette.,Sí (set),Perfumes,cyzone,https://catalogodigitalassets.somosbelcorp.com/CO/202604/C/productos/CO_200117130.jpg
91,18431,NEW COOL,,Eau de toilette.,Sí (set),Perfumes,cyzone,https://catalogodigitalassets.somosbelcorp.com/CO/202604/C/productos/CO_200109873.jpg
92,00695,NITRO ULTIMATE,,Eau de toilette.,Sí,Perfumes,cyzone,https://catalogodigitalassets.somosbelcorp.com/CO/202604/C/productos/CO_200106360.jpg
92,20832,NITRO OCEAN,,Eau de parfum.,Sí,Perfumes,cyzone,https://catalogodigitalassets.somosbelcorp.com/CO/202604/C/productos/CO_200115540.jpg
93,05610,NITRO VISION EDICIÓN LIMITADA,,Eau de toilette.,Sí,Perfumes,cyzone,https://catalogodigitalassets.somosbelcorp.com/CO/202604/C/productos/CO_200118516.jpg
93,04895,NITRO AIR,,Eau de toilette.,Sí,Perfumes,cyzone,https://catalogodigitalassets.somosbelcorp.com/CO/202604/C/productos/CO_200060760.jpg
95,19674,NITRO NIGHT,,Eau de toilette.,Sí,Perfumes,cyzone,https://catalogodigitalassets.somosbelcorp.com/CO/202604/C/productos/CO_200111162.jpg
95,35343,SET NITRO NIGHT,,Contiene: Perfume + Roll-On.,Sí (set),Cuidado Personal,cyzone,https://catalogodigitalassets.somosbelcorp.com/CO/202604/C/productos/CO_SC0005306.jpg
96,35333,NITRO,,Eau de toilette. / Gratis: Desodorante Roll On Nitro 50 ml.,Sí (set),Perfumes,cyzone,https://catalogodigitalassets.somosbelcorp.com/CO/202604/C/productos/CO_SC0004630.jpg
97,00536,GIRLINK,,Eau de parfum.,Sí,Perfumes,cyzone,https://catalogodigitalassets.somosbelcorp.com/CO/202604/C/productos/CO_200106356.jpg
97,35334,SET DÚO,,Contiene: Nitro + Girlink.,Sí (set),Perfumes,cyzone,https://catalogodigitalassets.somosbelcorp.com/CO/202604/C/productos/CO_SC0005826.jpg
98,02907,PROMO: DANCING,,"PROMOCIÓN: Por la compra de cualquier producto Cyzone. No incluye otras promociones, ni muestras, ni moda sale. / Eau de parfum.",Sí (promo),Perfumes,cyzone,https://catalogodigitalassets.somosbelcorp.com/CO/202604/C/productos/CO_200105005.jpg
98,35413,DANCING,,Eau de parfum.,Sí (set),Perfumes,cyzone,https://catalogodigitalassets.somosbelcorp.com/CO/202604/C/productos/CO_200105005.jpg
99,02916,PROMO: DANCING SUNSET,,"PROMOCIÓN: Por la compra de cualquier producto Cyzone. No incluye otras promociones, ni muestras, ni moda sale. / Eau de parfum.",Sí (promo),Perfumes,cyzone,https://catalogodigitalassets.somosbelcorp.com/CO/202604/C/productos/CO_200105008.jpg
99,35414,DANCING SUNSET,,Eau de parfum.,Sí (set),Perfumes,cyzone,https://catalogodigitalassets.somosbelcorp.com/CO/202604/C/productos/CO_200105008.jpg
100,02935,PRINTS,,Eau de parfum.,Sí,Perfumes,cyzone,https://catalogodigitalassets.somosbelcorp.com/CO/202604/C/productos/CO_200105017.jpg
100,12854,PRINTS ADVENTURE,,Eau de parfum.,Sí,Perfumes,cyzone,https://catalogodigitalassets.somosbelcorp.com/CO/202604/C/productos/CO_200113781.jpg