Página,Pagina,Código,Nombre ,descripción,Precio,TASA CAMBIO PESO A $,COSTO EN $,TT,% GASTOS 35%,TOTAL,TASA BINANCE,TOTAL Bs EN BINANCE,TASA BCV,PRECIO AL CATALAGO,PRECIO AL CATALAGO FINAL
2,2,35418,PROMO: SET MAKEUP FEST,PROMOCIÓN: Por la compra de cada 22$ de la página 4 a la 38 dentro de la categoria de maquillaje. No aplica a demostradores ni otras promociones. / Contiene: Sweet Black + Cyplay Creamy Lip Balm (Fuchsia creamy) 3 g + Magnetic Lash.,36990,"3.600,00","10,28",26%,"2,67","12,95","610,00","7.897,37","390,00","20,25","20,50"
3,4,06252,CYPLAY CREAMY LIP BALM.,Hidratante en barra para labios 24h FPS12.,14990,"3.600,00","4,16",26%,"1,08","5,25","610,00","3.200,37","390,00","8,21","8,50"
4,6,10623,CYPLAY HYDRA KISS.,Labial líquido hidratante.,13990,"3.600,00","3,89",26%,"1,01","4,90","610,00","2.986,87","390,00","7,66","8,00"
5,8,20460,CYPLAY HYDRA BOMB.,Labial hidratante full color FPS 15.,9990,"3.600,00","2,78",26%,"0,72","3,50","610,00","2.132,87","390,00","5,47","5,50"
6,8,09930,CYPLAY ICE CREAM GLOSS.,Brillo labial con sensación refrescante.,21990,"3.600,00","6,11",26%,"1,59","7,70","610,00","4.694,87","390,00","12,04","12,00"
7,9,04789,CYPLAY X-TRA CREAM MATTE.,Labial en barra mate.,15600,"3.600,00","4,33",26%,"1,13","5,46","610,00","3.330,60","390,00","8,54","8,50"
8,10,14940,CYPLAY MATTE FILTER ON.,Polvos compactos de rostro.,28990,"3.600,00","8,05",26%,"2,09","10,15","610,00","6.189,37","390,00","15,87","16,00"
9,10,15387,CYPLAY IT'S COVER.,Corrector en barra de cobertura construible.,17990,"3.600,00","5,00",26%,"1,30","6,30","610,00","3.840,87","390,00","9,85","10,00"
10,11,10161,CYPLAY SAY CHEEK!.,Rubor compacto para rostro con textura suave y acabado parejo.,20990,"3.600,00","5,83",26%,"1,52","7,35","610,00","4.481,37","390,00","11,49","11,50"
10,12,05933,CYPLAY LINE 4 EVER PINCEL.,Delineador para ojos punta pincel.,15600,"3.600,00","4,33",26%,"1,13","5,46","610,00","3.330,60","390,00","8,54","8,50"
11,12,05948,CYPLAY LINE 4 EVER PLUMÓN.,Delineador para ojos punta plumón.,15600,"3.600,00","4,33",26%,"1,13","5,46","610,00","3.330,60","390,00","8,54","8,50"
12,14,05710,CYPLAY BROW PEN.,Delineador retráctil para cejas.,21600,"3.600,00","6,00",26%,"1,56","7,56","610,00","4.611,60","390,00","11,82","12,00"
13,14,17808,CYPLAY EYE LINES.,Delineador en lápiz para ojos.,9900,"3.600,00","2,75",26%,"0,72","3,47","610,00","2.113,65","390,00","5,42","5,50"
14,15,01595,CYPLAY TWIST & ROLL.,Delineador retráctil para ojos.,15600,"3.600,00","4,33",26%,"1,13","5,46","610,00","3.330,60","390,00","8,54","8,50"
15,16,04745,CYPLAY SECRET LASH,Máscara gel incolora para pestañas y cejas.,17990,"3.600,00","5,00",26%,"1,30","6,30","610,00","3.840,87","390,00","9,85","10,00"
16,18,09035,STUDIO LOOK LABIAL LÍQUIDO SUPERSTARS.,Labial líquido de color intenso.,24990,"3.600,00","6,94",26%,"1,80","8,75","610,00","5.335,37","390,00","13,68","13,50"
16,20,00627,STUDIO LOOK LABIAL LÍQUIDO.,Labial líquido de color intenso.,24990,"3.600,00","6,94",26%,"1,80","8,75","610,00","5.335,37","390,00","13,68","13,50"
17,22,02908,STUDIO LOOK VOLUMEN UP GLOSS.,Brillo labial hidratante con efecto volumen.,17990,"3.600,00","5,00",26%,"1,30","6,30","610,00","3.840,87","390,00","9,85","10,00"
19,23,20175,STUDIO LOOK SUPERMATE LIPS.,Labial en barra súper mate de larga duración.,16990,"3.600,00","4,72",26%,"1,23","5,95","610,00","3.627,37","390,00","9,30","9,50"
20,24,00625,STUDIO LOOK GLOWY STAIN.,Brillo labial hidratante con tinta de larga duración.,17990,"3.600,00","5,00",26%,"1,30","6,30","610,00","3.840,87","390,00","9,85","10,00"
20,26,08998,STUDIO LOOK MATE LIP LINER.,Delineador retráctil para labios.,22990,"3.600,00","6,39",26%,"1,66","8,05","610,00","4.908,37","390,00","12,59","12,50"
21,26,03396,STUDIO LOOK LIP BALM.,Bálsamo labial hidratante que se adapta al tono de tus labios.,21990,"3.600,00","6,11",26%,"1,59","7,70","610,00","4.694,87","390,00","12,04","12,00"
22,27,01333,STUDIO LOOK MATE VELVET LIPS.,Labial mate aterciopelado.,16990,"3.600,00","4,72",26%,"1,23","5,95","610,00","3.627,37","390,00","9,30","9,50"
22,28,06156,STUDIO LOOK INTENSE EYELINER. BLACK,Delineador plumón para ojos de larga duración.,16990,"3.600,00","4,72",26%,"1,23","5,95","610,00","3.627,37","390,00","9,30","9,50"
22,29,10681,STUDIO LOOK INTENSE EYELINER.,Delineador plumón color para ojos de larga duración.,16990,"3.600,00","4,72",26%,"1,23","5,95","610,00","3.627,37","390,00","9,30","9,50"
23,30,01149,STUDIO LOOK FORTI EXTENSE LASH,Máscara fortalecedora de pestañas efecto largo natural.,26990,"3.600,00","7,50",26%,"1,95","9,45","610,00","5.762,37","390,00","14,78","15,00"
24,31,06651,STUDIO LOOK MAGNETIC LASH.,Máscara multibeneficios de larga duración a prueba de agua.,26990,"3.600,00","7,50",26%,"1,95","9,45","610,00","5.762,37","390,00","14,78","15,00"
24,32,17948,STUDIO LOOK MAX VOLUMEN LASH,Máscara de pestañas efecto volumen a prueba de agua.,20990,"3.600,00","5,83",26%,"1,52","7,35","610,00","4.481,37","390,00","11,49","11,50"
,32,06753,STUDIO LOOK GEL EYELINER.,Delineador de ojos en lápiz efecto gel.,16990,"3.600,00","4,72",26%,"1,23","5,95","610,00","3.627,37","390,00","9,30","9,50"
25,34,15403,STUDIO LOOK PRECISIÓN BROW DÚO.,Delineador retráctil para cejas con punta ultrafina.,27990,"3.600,00","7,78",26%,"2,02","9,80","610,00","5.975,87","390,00","15,32","15,50"
26,34,04684,STUDIO LOOK OH MY BROW.,Máscara de cejas en gel efecto volumen.,25990,"3.600,00","7,22",26%,"1,88","9,10","610,00","5.548,87","390,00","14,23","14,50"
26,35,09375,STUDIO LOOK STUDIO PALETTE.,Paleta de sombras x10 de larga duración.,53990,"3.600,00","15,00",26%,"3,90","18,90","610,00","11.526,87","390,00","29,56","29,50"
27,36,15080,STUDIO LOOK CORRECTOR.,Corrector facial de alta cobertura.,19990,"3.600,00","5,55",26%,"1,44","7,00","610,00","4.267,87","390,00","10,94","11,00"
,36,06522,STUDIO LOOK BASE MATTE FINISH. CLARO,Base de alta cobertura y larga duración FPS 20.,39990,"3.600,00","11,11",26%,"2,89","14,00","610,00","8.537,87","390,00","21,89","22,00"
28,37,15079,STUDIO LOOK SPRAY FIJADOR,Spray fijador de larga duración con efecto mate.,28990,"3.600,00","8,05",26%,"2,09","10,15","610,00","6.189,37","390,00","15,87","16,00"
29,37,15308,STUDIO LOOK POLVOS.,Polvos compactos de alta cobertura con FPS 20.,29990,"3.600,00","8,33",26%,"2,17","10,50","610,00","6.402,87","390,00","16,42","16,50"
29,38,20033,STUDIO LOOK PRIMER FACIAL,Primer facial con Vitamina C y ácido hialurónico.,44990,"3.600,00","12,50",26%,"3,25","15,75","610,00","9.605,37","390,00","24,63","25,00"
30,38,06888,STUDIO LOOK MULTISTICK.,Barra de color cremosa para rostro.,27990,"3.600,00","7,78",26%,"2,02","9,80","610,00","5.975,87","390,00","15,32","15,50"
31,38,16394,STUDIO LOOK RUBOR MOUSSE BLUSH.,Rubor en mousse de larga duración.,35990,"3.600,00","10,00",26%,"2,60","12,60","610,00","7.683,87","390,00","19,70","20,00"
31,38,06897,STUDIO LOOK MULTISTICK.,Barra de color cremosa para rostro.,27990,"3.600,00","7,78",26%,"2,02","9,80","610,00","5.975,87","390,00","15,32","15,50"
32,38,06894,STUDIO LOOK MULTISTICK.,Barra de color cremosa para rostro.,27990,"3.600,00","7,78",26%,"2,02","9,80","610,00","5.975,87","390,00","15,32","15,50"
32,39,35402,PROMO: MINI MORRAL WALY,"PROMOCIÓN: Por la compra de cualquier producto de Maquillaje Cyzone. No incluye otras promociones, muestras ni moda sale. Promoción válida hasta agotar existencias. / En tela poliéster. Color: negro. Medidas aprox.: 20 x 16 x 10 cm / 7.8 x 6.2 x 3.9"".",55990,"3.600,00","15,55",26%,"4,04","19,60","610,00","11.953,87","390,00","30,65","31,00"
33,39,35371,MINI MORRAL WALY,"En tela poliéster. Color: negro. Medidas aprox.: 20 x 16 x 10 cm / 7.8 x 6.2 x 3.9"".",106000,"3.600,00","29,44",26%,"7,66","37,10","610,00","22.631,00","390,00","58,03","58,00"
34,39,35403,PROMO: MINI MORRAL WILLY,"PROMOCIÓN: Por la compra de cualquier producto de Maquillaje Cyzone. No incluye otras promociones, muestras ni moda sale. Promoción válida hasta agotar existencias. / En tela poliéster. Color: gris. Medidas aprox.: 20 x 16 x 10 cm / 7.8 x 6.2 x 3.9"".",55990,"3.600,00","15,55",26%,"4,04","19,60","610,00","11.953,87","390,00","30,65","31,00"
37,39,35378,MINI MORRAL WILLY,"En tela poliéster. Color: gris. Medidas aprox.: 20 x 16 x 10 cm / 7.8 x 6.2 x 3.9"".",106000,"3.600,00","29,44",26%,"7,66","37,10","610,00","22.631,00","390,00","58,03","58,00"
38,41,09503,MYSTIC STAR CREMA PERFUMADA,Crema perfumada corporal.,22990,"3.600,00","6,39",26%,"1,66","8,05","610,00","4.908,37","390,00","12,59","12,50"
39,41,35346,MYSTIC STAR,Eau de parfum. / Gratis: Mystic Star Crema Perfumada 130 ml.,41990,"3.600,00","11,66",26%,"3,03","14,70","610,00","8.964,87","390,00","22,99","23,00"
40,42,08650,CRYSTAL STAR,Eau de parfum.,52990,"3.600,00","14,72",26%,"3,83","18,55","610,00","11.313,37","390,00","29,01","29,00"
40,42,35365,SET CRYSTAL,Contiene: Perfume + Labial (Blossom nude).,56990,"3.600,00","15,83",26%,"4,12","19,95","610,00","12.167,37","390,00","31,20","31,50"
41,43,01433,Y25,Eau de parfum.,52990,"3.600,00","14,72",26%,"3,83","18,55","610,00","11.313,37","390,00","29,01","29,00"
41,43,35353,SET CRYSTAL + Y25,Contiene: Crystal Star + Y25.,64990,"3.600,00","18,05",26%,"4,69","22,75","610,00","13.875,37","390,00","35,58","35,50"
42,44,07837,PINK CRUSH PROBADOR CON SPRAY,Eau de parfum.,2100,"3.600,00","0,58",26%,"0,15","0,74","610,00","448,35","390,00","1,15","1,50"
42,45,03056,SWEET BLACK INTENSE,Eau de parfum.,39990,"3.600,00","11,11",26%,"2,89","14,00","610,00","8.537,87","390,00","21,89","22,00"
43,46,14647,SWEET BLACK,Eau de parfum.,49990,"3.600,00","13,89",26%,"3,61","17,50","610,00","10.672,87","390,00","27,37","27,50"
43,46,07632,SWEET BLACK LOCIÓN,Loción hidratante para el cuerpo.,27990,"3.600,00","7,78",26%,"2,02","9,80","610,00","5.975,87","390,00","15,32","15,50"
43,46,35336,SET SWEET BLACK,Contiene: Perfume + Loción.,56990,"3.600,00","15,83",26%,"4,12","19,95","610,00","12.167,37","390,00","31,20","31,50"
44,46,35354,SET SEDUCTION,Contiene: Perfume + Labial (Burn nude) 2 g.,52990,"3.600,00","14,72",26%,"3,83","18,55","610,00","11.313,37","390,00","29,01","29,00"
44,47,00116,Y25 CREMA CORPORAL,Crema perfumada corporal con brillo.,27990,"3.600,00","7,78",26%,"2,02","9,80","610,00","5.975,87","390,00","15,32","15,50"
45,47,35352,SET Y25,Contiene: Perfume + Crema Corporal.,59990,"3.600,00","16,66",26%,"4,33","21,00","610,00","12.807,87","390,00","32,84","33,00"
45,48,21140,IN LOVE,Eau de parfum.,39990,"3.600,00","11,11",26%,"2,89","14,00","610,00","8.537,87","390,00","21,89","22,00"
46,48,09119,IN LOVE PASSION,Eau de parfum.,39990,"3.600,00","11,11",26%,"2,89","14,00","610,00","8.537,87","390,00","21,89","22,00"
46,50,06641,DANCING SOUL CREMA PERFUMADA,Crema perfumada corporal.,27990,"3.600,00","7,78",26%,"2,02","9,80","610,00","5.975,87","390,00","15,32","15,50"
46,50,21065,DANCING SOUL,Eau de parfum.,52990,"3.600,00","14,72",26%,"3,83","18,55","610,00","11.313,37","390,00","29,01","29,00"
47,50,35338,SET NIGHT 1,Contiene: Perfume + Roll-On.,54990,"3.600,00","15,28",26%,"3,97","19,25","610,00","11.740,37","390,00","30,10","30,50"
47,50,35349,SET SOUL,Contiene: Perfume Dancing Soul + Crema Perfumada Dancing Soul.,56990,"3.600,00","15,83",26%,"4,12","19,95","610,00","12.167,37","390,00","31,20","31,50"
47,51,02924,DANCING NIGHT,Eau de parfum.,52990,"3.600,00","14,72",26%,"3,83","18,55","610,00","11.313,37","390,00","29,01","29,00"
47,51,07679,DANCING NIGHT LOCIÓN,Crema perfumada corporal.,27990,"3.600,00","7,78",26%,"2,02","9,80","610,00","5.975,87","390,00","15,32","15,50"
47,51,35339,SET NIGHT 2,Contiene: Perfume + Roll-On + Crema Corporal.,59990,"3.600,00","16,66",26%,"4,33","21,00","610,00","12.807,87","390,00","32,84","33,00"
47,52,21050,BLUE & BLUE MEMORIES. FOR HIM,Eau de toilette.,53990,"3.600,00","15,00",26%,"3,90","18,90","610,00","11.526,87","390,00","29,56","29,50"
48,52,07509,BLUE & BLUE FOR HIM,Eau de toilette.,53990,"3.600,00","15,00",26%,"3,90","18,90","610,00","11.526,87","390,00","29,56","29,50"
48,52,07507,BLUE & BLUE FOR HER,Eau de parfum.,53990,"3.600,00","15,00",26%,"3,90","18,90","610,00","11.526,87","390,00","29,56","29,50"
49,52,21046,BLUE & BLUE MEMORIES. FOR HER,Eau de parfum.,53990,"3.600,00","15,00",26%,"3,90","18,90","610,00","11.526,87","390,00","29,56","29,50"
49,53,18430,IDENTITY,Eau de parfum. / Incluye: Studio Look Glowy Stain (Caramel latte) 3.6 ml.,39990,"3.600,00","11,11",26%,"2,89","14,00","610,00","8.537,87","390,00","21,89","22,00"
50,54,05404,TASTE CANDY,Colonia refrescante.,27990,"3.600,00","7,78",26%,"2,02","9,80","610,00","5.975,87","390,00","15,32","15,50"
50,56,04056,TASTE COOL,Colonia refrescante.,27990,"3.600,00","7,78",26%,"2,02","9,80","610,00","5.975,87","390,00","15,32","15,50"
51,56,09226,TASTE VELVET,Colonia refrescante.,27990,"3.600,00","7,78",26%,"2,02","9,80","610,00","5.975,87","390,00","15,32","15,50"
51,56,00746,TASTE POP,Colonia refrescante.,27990,"3.600,00","7,78",26%,"2,02","9,80","610,00","5.975,87","390,00","15,32","15,50"
51,56,04063,TASTE WARM,Colonia refrescante.,27990,"3.600,00","7,78",26%,"2,02","9,80","610,00","5.975,87","390,00","15,32","15,50"
52,57,06462,MY MOMENT. BRIGHT FANTASY,Colonias refrescantes.,23990,"3.600,00","6,66",26%,"1,73","8,40","610,00","5.121,87","390,00","13,13","13,50"
53,57,06465,MY MOMENT. PARADISE DREAMS,Colonias refrescantes.,23990,"3.600,00","6,66",26%,"1,73","8,40","610,00","5.121,87","390,00","13,13","13,50"
54,58,00251,FRUITY POP. PERA IN LOVE,Colonia refrescante.,19990,"3.600,00","5,55",26%,"1,44","7,00","610,00","4.267,87","390,00","10,94","11,00"
55,58,00252,FRUITY POP. UVA KISS,Colonia refrescante.,19990,"3.600,00","5,55",26%,"1,44","7,00","610,00","4.267,87","390,00","10,94","11,00"
55,58,00248,FRUITY POP. SANDÍA SHAKE,Colonia refrescante.,19990,"3.600,00","5,55",26%,"1,44","7,00","610,00","4.267,87","390,00","10,94","11,00"
55,59,00262,FRUITY POP. BERRY COCKTAIL,Colonia refrescante.,19990,"3.600,00","5,55",26%,"1,44","7,00","610,00","4.267,87","390,00","10,94","11,00"
55,59,00261,FRUITY POP. MARACUYÁ PASSION,Colonia refrescante.,19990,"3.600,00","5,55",26%,"1,44","7,00","610,00","4.267,87","390,00","10,94","11,00"
56,59,00263,FRUITY POP. MORA POTION,Colonia refrescante.,19990,"3.600,00","5,55",26%,"1,44","7,00","610,00","4.267,87","390,00","10,94","11,00"
57,60,08889,MISS SEXY RADIANT LOCIÓN,Loción hidratante perfumada.,22990,"3.600,00","6,39",26%,"1,66","8,05","610,00","4.908,37","390,00","12,59","12,50"
57,60,21039,MISS SEXY RADIANT,Colonia refrescante.,23990,"3.600,00","6,66",26%,"1,73","8,40","610,00","5.121,87","390,00","13,13","13,50"
58,61,07642,MISS SEXY LOCIÓN,Loción hidratante perfumada.,22990,"3.600,00","6,39",26%,"1,66","8,05","610,00","4.908,37","390,00","12,59","12,50"
58,61,20447,MISS SEXY,Colonia refrescante con brillo.,23990,"3.600,00","6,66",26%,"1,73","8,40","610,00","5.121,87","390,00","13,13","13,50"
59,63,09976,SKIN FIRST MINI PROTECTOR SOLAR FACIAL MATE FPS 50,Loción con textura ultra ligera para uso diario.,19990,"3.600,00","5,55",26%,"1,44","7,00","610,00","4.267,87","390,00","10,94","11,00"
59,63,09563,SKIN FIRST PROTECTOR SOLAR FACIAL MATE FPS 50 -,Loción con textura ultra ligera para uso diario.,34990,"3.600,00","9,72",26%,"2,53","12,25","610,00","7.470,37","390,00","19,15","19,50"
59,64,01086,SKIN FIRST SÉRUM FACIAL ANTI-IMPERFECCIONES,Corrige las imperfercciones causadas por granitos.,34990,"3.600,00","9,72",26%,"2,53","12,25","610,00","7.470,37","390,00","19,15","19,50"
59,64,20436,SKIN FIRST SÉRUM FACIAL CORRECTOR,Unifica tu tono de piel.,34990,"3.600,00","9,72",26%,"2,53","12,25","610,00","7.470,37","390,00","19,15","19,50"
59,64,20438,SKIN FIRST EYE DETOX EFFECT,Crema gel contorno de ojos en roll-on que corrige las ojeras al primer uso.,30990,"3.600,00","8,61",26%,"2,24","10,85","610,00","6.616,37","390,00","16,97","17,00"
59,65,19850,SKIN FIRST HELLO AGE PREVENT. HIDRATANTE FACIAL EN GEL,Hidratante Facial en Gel,35990,"3.600,00","10,00",26%,"2,60","12,60","610,00","7.683,87","390,00","19,70","18,00"
59,65,07528,SKIN FIRST SÉRUM FACIAL HIDRATANTE,Restaura de inmediato la humectación.,34990,"3.600,00","9,72",26%,"2,53","12,25","610,00","7.470,37","390,00","19,15","19,50"
59,65,19400,SKIN FIRST HELLO AGE PREVENT. LIMPIADORA FACIAL EN GEL,Limpiadora facial en gel.,32990,"3.600,00","9,16",26%,"2,38","11,55","610,00","7.043,37","390,00","18,06",
59,65,35357,SET AGE PREVENT,Contiene: Limpiadora + Sérum + Crema hidratante.,59990,"3.600,00","16,66",26%,"4,33","21,00","610,00","12.807,87","390,00","32,84","33,00"
59,66,14768,SKIN FIRST FOCALIZADO BYE BYE GRANITOS,Tratamiento focalizado.,14990,"3.600,00","4,16",26%,"1,08","5,25","610,00","3.200,37","390,00","8,21","8,50"
59,66,18447,SKIN FIRST LIMPIADORA BYE BYE GRANITOS,Limpiadora Facial en Gel.,21990,"3.600,00","6,11",26%,"1,59","7,70","610,00","4.694,87","390,00","12,04","12,00"
60,67,06197,SKIN FIRST HIDRATANTE FACIAL EN GEL,Efecto matificante para todo tipo de cutis.,23990,"3.600,00","6,66",26%,"1,73","8,40","610,00","5.121,87","390,00","13,13","13,50"
60,68,08887,MY MOMENT. SANDÍA SAND,Exfoliante corporal con cristales de sal aroma a sandia.,39990,"3.600,00","11,11",26%,"2,89","14,00","610,00","8.537,87","390,00","21,89","22,00"
61,68,05940,MY MOMENT. GLOW TO BLOOM,Exfoliante corporal con cristales de sal aroma a flor de lila.,39990,"3.600,00","11,11",26%,"2,89","14,00","610,00","8.537,87","390,00","21,89","22,00"
61,68,05944,MY MOMENT. PISTACHO PARTY,Crema corporal hidratante.,29600,"3.600,00","8,22",26%,"2,14","10,36","610,00","6.319,60","390,00","16,20","16,50"
62,68,18393,MY MOMENT. SWEET SHIMMER,Crema corporal hidratante con brillo.,34990,"3.600,00","9,72",26%,"2,53","12,25","610,00","7.470,37","390,00","19,15","19,50"
62,70,07735,MY MOMENT. ÓLEO SHOT,Tratamiento capilar con aceite de almendras.,32990,"3.600,00","9,16",26%,"2,38","11,55","610,00","7.043,37","390,00","18,06","18,00"
63,70,20015,MY MOMENT. TERMO PROTECT,Protector térmico para el cabello.,32990,"3.600,00","9,16",26%,"2,38","11,55","610,00","7.043,37","390,00","18,06","18,00"
63,70,19838,MY MOMENT. LISO POWER,Crema para peinar con aceite de almendras.,25990,"3.600,00","7,22",26%,"1,88","9,10","610,00","5.548,87","390,00","14,23","14,50"
64,70,19837,MY MOMENT. RIZOS COOL,Crema para peinar con aceite de almendras.,25990,"3.600,00","7,22",26%,"1,88","9,10","610,00","5.548,87","390,00","14,23","14,50"
64,71,19109,TRAX. MAKE OUT,Colonia desodorante para hombres.,20990,"3.600,00","5,83",26%,"1,52","7,35","610,00","4.481,37","390,00","11,49","11,50"
64,71,07754,TRAX. DESODORANTE ROLL ON,Desodorante antitranspirante roll-on.,10990,"3.600,00","3,05",26%,"0,79","3,85","610,00","2.346,37","390,00","6,02","6,00"
64,71,07776,DANCING NIGHT. DESODORANTE ROLL ON,Desodorante antitranspirante roll-on.,10990,"3.600,00","3,05",26%,"0,79","3,85","610,00","2.346,37","390,00","6,02","6,00"
65,71,03497,XPRESS YOUR BODY CLARITY. DESODORANTE ROLL ON,Desodorante antitranspirante aclarador de piel.,10990,"3.600,00","3,05",26%,"0,79","3,85","610,00","2.346,37","390,00","6,02","6,00"
66,71,09252,TRAX. MYSTERIOUS,Colonia desodorante para hombres.,20990,"3.600,00","5,83",26%,"1,52","7,35","610,00","4.481,37","390,00","11,49","11,50"
66,71,07767,NITRO. DESODORANTE ROLL ON,Desodorante antitranspirante roll-on.,10990,"3.600,00","3,05",26%,"0,79","3,85","610,00","2.346,37","390,00","6,02","6,00"
66,71,19110,TRAX. SO CLOSE!,Colonia desodorante para hombres.,20990,"3.600,00","5,83",26%,"1,52","7,35","610,00","4.481,37","390,00","11,49","11,50"
67,71,07777,SWEET BLACK. DESODORANTE ROLL ON,Desodorante antitranspirante roll-on.,10990,"3.600,00","3,05",26%,"0,79","3,85","610,00","2.346,37","390,00","6,02","6,00"
67,71,08018,ALL BLACK. DESODORANTE ROLL ON,Desodorante antitranspirante roll-on.,10990,"3.600,00","3,05",26%,"0,79","3,85","610,00","2.346,37","390,00","6,02","6,00"
68,71,07768,NITRO AIR. DESODORANTE ROLL ON,Desodorante antitranspirante roll-on.,10990,"3.600,00","3,05",26%,"0,79","3,85","610,00","2.346,37","390,00","6,02","6,00"
68,72,35380,BOLSO NASIRA,"En material tipo cuero. Color: negro. Medidas aprox.: 25.6 x 14.4 x 5 cm / 10.1 x 5.7 x 1.9"".",59990,"3.600,00","16,66",26%,"4,33","21,00","610,00","12.807,87","390,00","32,84","33,00"
69,72,35389,MOCHILA MIRELLE,"En material tipo cuero. Color: marrón. Medidas aprox.: 22 x 25.2 x 10 cm / 8.6 x 9.9 x 3.9"".",84990,"3.600,00","23,61",26%,"6,14","29,75","610,00","18.145,37","390,00","46,53","46,50"
70,72,35337,SET MIRELLE,Contiene: Mochila Mirelle + Labial Líquido Mate (Rose nude) 6 ml.,89990,"3.600,00","25,00",26%,"6,50","31,50","610,00","19.212,87","390,00","49,26","49,50"
70,73,35394,BOLSO ELLIS,"En material tipo cuero. Color: blanco. Medidas aprox.: 48 x 28.3 x 12.3 cm / 18.8 x 11.1 x 4.8"".",107990,"3.600,00","30,00",26%,"7,80","37,80","610,00","23.055,87","390,00","59,12","59,50"
70,73,35384,BOLSO MARGARET,"En material tipo cuero. Color: marrón. Medidas aprox.: 48 x 28.3 x 12.3 cm / 18.8 x 11.1 x 4.8"".",107990,"3.600,00","30,00",26%,"7,80","37,80","610,00","23.055,87","390,00","59,12","59,50"
71,74,35370,SET DE PULSERAS GLAMOUR LINKS X3,En dorado con cristales de vidrio y perla acrílica. Medidas aprox.: regulable de 17 a 21 cm.,35990,"3.600,00","10,00",26%,"2,60","12,60","610,00","7.683,87","390,00","19,70","20,00"
72,74,35391,ESTUCHE DE ARETES LOVELY BEADS X6,En dorado y plateado. Medidas aprox.: 0.8 a 2 cm.,43990,"3.600,00","12,22",26%,"3,18","15,40","610,00","9.391,87","390,00","24,08","24,00"
72,75,35383,BOLSO SUSIE,"En material tipo cuero. Color: beige. Medidas aprox.: 24.4 x 17.2 x 10.7 cm / 9.6 x 6.7 x 4.2"".",82990,"3.600,00","23,05",26%,"5,99","29,05","610,00","17.718,37","390,00","45,43","45,50"
73,75,35382,BOLSO HALEY,"En material tipo cuero. Color: rojo. Medidas aprox.: 24.4 x 17.2 x 10.7 cm / 9.6 x 6.7 x 4.2"".",82990,"3.600,00","23,05",26%,"5,99","29,05","610,00","17.718,37","390,00","45,43","45,50"
73,76,35381,MORRAL LORIE,"En material tipo cuero. Medidas aprox.: 25 x 17.5 x 7.5 cm / 9.8 x 6.8 x 2.9"".",79990,"3.600,00","22,22",26%,"5,78","28,00","610,00","17.077,87","390,00","43,79","44,00"
74,76,35374,MALETÍN SPACE UP,"En tela poliéster. Color: azul. Medidas aprox.: 38.5 x 25 x 22 cm / 15.1 x 9.8 x 8.6"".",89990,"3.600,00","25,00",26%,"6,50","31,50","610,00","19.212,87","390,00","49,26","49,50"
74,76,35377,MALETÍN ELEVATE,"En tela poliéster. Color: rosado. Medidas aprox.: 38.5 x 25 x 22 cm / 15.1 x 9.8 x 8.6"".",89990,"3.600,00","25,00",26%,"6,50","31,50","610,00","19.212,87","390,00","49,26","49,50"
74,77,35372,MONEDERO JELY,"En material tipo cuero. Color: morado. Medidas aprox.: 11 x 8.5 x 2.5 cm / 4.3 x 3.3 x 0.9"".",31990,"3.600,00","8,89",26%,"2,31","11,20","610,00","6.829,87","390,00","17,51","17,50"
74,77,35400,MONEDERO VICKY,"En material tipo cuero. Color: verde. Medidas aprox.: 11 x 8.5 x 2.5 cm / 4.3 x 3.3 x 0.9"".",31990,"3.600,00","8,89",26%,"2,31","11,20","610,00","6.829,87","390,00","17,51","17,50"
75,78,35393,NECESER CHARM CASE,"En tela poliéster. Medidas aprox.: Neceser grande: 20.5 x 12.5 x 8 cm / 8 x 4.9 x 3.1"".",58990,"3.600,00","16,39",26%,"4,26","20,65","610,00","12.594,37","390,00","32,29","32,50"
77,78,35397,SET FACIAL SKIN VIBES,"Medidas aprox.: estuche: 21.5 x 22.4 cm / 8.4 x 8.8"".",54990,"3.600,00","15,28",26%,"3,97","19,25","610,00","11.740,37","390,00","30,10","30,00"
78,79,35399,SET FACIAL SKIN GLOW,"Medidas aprox.: estuche: 13.5 x 9.5 cm / 5.3"" x 3.7"".",54990,"3.600,00","15,28",26%,"3,97","19,25","610,00","11.740,37","390,00","30,10","30,00"
78,79,35398,BROCHAS STUDIO PRO,"Mango de plástico y aluminio con cerdas de pelo sintético. Medidas aprox.: estuche 19 x 10 cm / 7.5 x 3.9"".",70990,"3.600,00","19,72",26%,"5,13","24,85","610,00","15.156,37","390,00","38,86","39,00"
79,80,35392,ESTUCHE DE ARETES GLITTER GOLD X10,En dorado y plateado con cristales en vidrio. Medidas aprox.: 0.5 a 0.7 cm.,50990,"3.600,00","14,16",26%,"3,68","17,85","610,00","10.886,37","390,00","27,91","28,00"
80,80,35376,BOLSO MARIAN,"En material tipo cuero. Color: Marrón. Medidas aprox.: 26.5 x 19.5 x 11 cm / 10.4 x 7.6 x 4.3"".",86990,"3.600,00","24,16",26%,"6,28","30,45","610,00","18.572,37","390,00","47,62","48,00"
80,81,35379,SET HAIR GLOW,Cuerpo plástico y placas en aluminio. Accesorios plásticos. Medidas aprox.: 28.7 x 5.1 x 3.4 cm.,104990,"3.600,00","29,16",26%,"7,58","36,75","610,00","22.415,37","390,00","57,48",
80,82,35375,BILLETERA JOE,"En material tipo cuero. Color: azul con marrón. Medidas aprox.: 8.5 x 12 x 1.7 cm / 3.3 x 4.7 x 0.6"".",55990,"3.600,00","15,55",26%,"4,04","19,60","610,00","11.953,87","390,00","30,65","31,00"
81,82,35385,CANGURO ESTEBAN,"En material tipo cuero. Color: negro. Medidas aprox.: 33 x 15 x 5 cm / 12.9 x 5.9 x 1.9"".",67990,"3.600,00","18,89",26%,"4,91","23,80","610,00","14.515,87","390,00","37,22","37,50"
81,82,35369,SET ESTEBAN,Contiene: Canguro Esteban + Trax Make Out.,79990,"3.600,00","22,22",26%,"5,78","28,00","610,00","17.077,87","390,00","43,79","44,00"
81,83,35387,MOCHILA ADRIANO,"En tela poliéster. Medidas aprox.: 33.5 x 47.5 x 14 cm / 13.1 x 18.7 x 5.5"".",119990,"3.600,00","33,33",26%,"8,67","42,00","610,00","25.617,87","390,00","65,69","66,00"
82,84,35388,LONCHERA SPICY,"En tela poliéster. Color: negro. Medidas aprox.: 12.5 x 18 x 17 cm / 4.9 x 7 x 6.6"".",46990,"3.600,00","13,05",26%,"3,39","16,45","610,00","10.032,37","390,00","25,72","26,00"
82,84,35395,MOCHILA LUANNA,"En tela poliéster. Medidas aprox.: 31.5 x 44.5 x 14.5 cm / 12.4 x 17.5 x 5.7"".",79990,"3.600,00","22,22",26%,"5,78","28,00","610,00","17.077,87","390,00","43,79","44,00"
83,85,35396,MOCHILA ANORA,"En tela poliéster. Medidas aprox.: 31.5 x 44.5 x 14.5 cm / 12.4 x 17.5 x 5.7"".",79990,"3.600,00","22,22",26%,"5,78","28,00","610,00","17.077,87","390,00","43,79","44,00"
83,87,35368,ALL BLACK,Eau de toilette.  / Gratis: All Black Desodorante Roll-On.,49990,"3.600,00","13,89",26%,"3,61","17,50","610,00","10.672,87","390,00","27,37","27,50"
84,89,01456,FIST VICTORY,Eau de toilette.,44990,"3.600,00","12,50",26%,"3,25","15,75","610,00","9.605,37","390,00","24,63","25,00"
84,90,01439,NEW COOL INTENSE,Eau de toilette.,44990,"3.600,00","12,50",26%,"3,25","15,75","610,00","9.605,37","390,00","24,63","25,00"
85,91,18431,NEW COOL,Eau de toilette.,44990,"3.600,00","12,50",26%,"3,25","15,75","610,00","9.605,37","390,00","24,63",
85,92,00695,NITRO ULTIMATE,Eau de toilette.,52990,"3.600,00","14,72",26%,"3,83","18,55","610,00","11.313,37","390,00","29,01",
86,92,20832,NITRO OCEAN,Eau de parfum.,52990,"3.600,00","14,72",26%,"3,83","18,55","610,00","11.313,37","390,00","29,01","29,00"
86,93,05610,NITRO VISION EDICIÓN LIMITADA,Eau de toilette.,44990,"3.600,00","12,50",26%,"3,25","15,75","610,00","9.605,37","390,00","24,63","25,00"
87,93,04895,NITRO AIR,Eau de toilette.,44990,"3.600,00","12,50",26%,"3,25","15,75","610,00","9.605,37","390,00","24,63","25,00"
87,95,19674,NITRO NIGHT,Eau de toilette.,37990,"3.600,00","10,55",26%,"2,74","13,30","610,00","8.110,87","390,00","20,80","21,00"
88,95,35343,SET NITRO NIGHT,Contiene: Perfume + Roll-On.,38990,"3.600,00","10,83",26%,"2,82","13,65","610,00","8.324,37","390,00","21,34","21,50"
89,96,35333,NITRO,Eau de toilette. / Gratis: Desodorante Roll On Nitro 50 ml.,54990,"3.600,00","15,28",26%,"3,97","19,25","610,00","11.740,37","390,00","30,10","31,00"
91,97,00536,GIRLINK,Eau de parfum.,49990,"3.600,00","13,89",26%,"3,61","17,50","610,00","10.672,87","390,00","27,37","27,50"
91,97,35334,SET DÚO,Contiene: Nitro + Girlink.,69990,"3.600,00","19,44",26%,"5,05","24,50","610,00","14.942,87","390,00","38,32","38,50"
92,98,02907,PROMO: DANCING,"PROMOCIÓN: Por la compra de cualquier producto Cyzone. No incluye otras promociones, ni muestras, ni moda sale. / Eau de parfum.",35990,"3.600,00","10,00",26%,"2,60","12,60","610,00","7.683,87","390,00","19,70","20,00"
92,98,35413,DANCING,Eau de parfum.,52990,"3.600,00","14,72",26%,"3,83","18,55","610,00","11.313,37","390,00","29,01","29,00"
92,99,02916,PROMO: DANCING SUNSET,"PROMOCIÓN: Por la compra de cualquier producto Cyzone. No incluye otras promociones, ni muestras, ni moda sale. / Eau de parfum.",35990,"3.600,00","10,00",26%,"2,60","12,60","610,00","7.683,87","390,00","19,70","20,00"
92,99,35414,DANCING SUNSET,Eau de parfum.,52990,"3.600,00","14,72",26%,"3,83","18,55","610,00","11.313,37","390,00","29,01","29,00"
92,100,02935,PRINTS,Eau de parfum.,24990,"3.600,00","6,94",26%,"1,80","8,75","610,00","5.335,37","390,00","13,68","14,00"
93,100,12854,PRINTS ADVENTURE,Eau de parfum.,24990,"3.600,00","6,94",26%,"1,80","8,75","610,00","5.335,37","390,00","13,68","14,00"
93,,,,,,,#DIV/0!,,#DIV/0!,#DIV/0!,"610,00",#DIV/0!,,"0,00",
93,,,,,,,#DIV/0!,,#DIV/0!,#DIV/0!,"610,00",#DIV/0!,,"0,00",
94,,,,,,,#DIV/0!,,#DIV/0!,#DIV/0!,"610,00",#DIV/0!,,"0,00",
94,,,,,,,#DIV/0!,,#DIV/0!,#DIV/0!,"610,00",#DIV/0!,,"0,00",
95,,,,,,,#DIV/0!,,#DIV/0!,#DIV/0!,"610,00",#DIV/0!,,"0,00",
95,,,,,,,#DIV/0!,,#DIV/0!,#DIV/0!,"610,00",#DIV/0!,,"0,00",
96,,,,,,,#DIV/0!,,#DIV/0!,#DIV/0!,"610,00",#DIV/0!,,"0,00",
96,,,,,,,#DIV/0!,,#DIV/0!,#DIV/0!,"610,00",#DIV/0!,,"0,00",
97,,,,,,,#DIV/0!,,#DIV/0!,#DIV/0!,"610,00",#DIV/0!,,"0,00",
99,,,,,,,#DIV/0!,,#DIV/0!,#DIV/0!,"610,00",#DIV/0!,,"0,00",
99,,,,,,,#DIV/0!,,#DIV/0!,#DIV/0!,"610,00",#DIV/0!,,"0,00",
101,,,,,,,#DIV/0!,,#DIV/0!,#DIV/0!,"610,00",#DIV/0!,,"0,00",
101,,,,,,,#DIV/0!,,#DIV/0!,#DIV/0!,"610,00",#DIV/0!,,"0,00",
,,,,,,,#DIV/0!,,#DIV/0!,#DIV/0!,"610,00",#DIV/0!,,"0,00",